Year,Mont,DG-015,S060,E0060,Gas,W-Water,Electric,1.boyama ,reproses,reprosesyüzde,boyamamiktari,paket miktari,buhargun,gunlukboyama ,yedekisletme,kur/tl,toplamenerji,tamirsizenerji,gaztuketim,sutuketim,elektriktuketım,dgazfiyat,sufiyat,elektrikfiyat
2011,1,113760.37,24166.03,54000.94,196891.45,37931.0,312642.0,283705.0,50526.0,0.15117089677498496,334231.0,326795.0,28.0,10132.32142857143,13347.0,1.598,34.55475271679953,38.35614497196399,0.5664669513030169,0.10912946158847799,0.899487309323375,0.5777821738831218,0.6371050064590967,0.17272452197721355
2011,2,108012.1,21027.95,62620.68,186942.56,32437.0,311526.0,306814.0,48169.0,0.1356938219576712,354983.0,322974.0,27.0,11363.481481481482,7119.0,1.5917,33.2537783814604,38.35614497196399,0.5162704431348073,0.08957973167781454,0.8603266482924701,0.5777822877786631,0.6482704935721553,0.20101269235954625
2011,3,117004.07,22130.4,56619.22,202505.46,34710.0,330822.0,366167.0,50916.0,0.12207642123989709,417083.0,402166.0,30.0,12205.566666666668,5627.0,1.5352,31.964260457871628,34.2959327387622,0.4790647488822124,0.08211303257552459,0.7826216555085046,0.5777822978205132,0.6375799481417459,0.17114708211666696
2011,4,90682.37,18797.2,49591.51,156949.04,29429.0,289638.0,282950.0,40782.0,0.12597457155919092,323732.0,350526.0,24.0,11789.583333333334,5186.0,1.513,31.964260457871628,36.48839652553731,0.4771676831307499,0.08947214807338,0.8805781380161621,0.5777822533989376,0.6387305039247001,0.17121893536069163
2011,5,75073.78,15741.0,39772.87,129934.37,24587.0,232938.0,190741.0,17933.0,0.08593787438780107,208674.0,259329.0,28.0,6812.178571428572,8346.0,1.5848,37.968888595188524,41.388981716173404,0.5987207169846097,0.11329370564924891,1.0733480785181089,0.5777823065598425,0.6402163745068532,0.17074444702023717
2011,6,82554.62,19719.6,45305.86,142881.88,30896.0,263484.0,244784.0,32384.0,0.11683888471973676,277168.0,292469.0,29.0,8440.827586206897,4272.0,1.6146,32.47707970623659,36.69997636083141,0.507681495167709,0.10977828311540648,0.9361995451961341,0.5777822912184526,0.6382573795960642,0.1719491885655296
2011,7,81787.84,21870.0,48939.24,141554.79,32179.0,284922.0,235284.0,15291.0,0.061023645615085303,250575.0,287759.0,29.0,8113.241379310345,12154.0,1.6721,34.73569266968591,36.88226464574524,0.5387863159377153,0.12247981760673546,1.0844710709514367,0.5777822142224929,0.6796357873147083,0.17176364057531535
2011,8,69949.75,19631.81,45204.6,119914.41,29280.0,264204.0,257171.0,11289.0,0.04205095731207629,268460.0,296090.0,28.0,9184.67857142857,10022.0,1.7442,27.74929086467295,28.921708347807957,0.4306002183264987,0.10514144540760265,0.9487291817783555,0.5833306439151058,0.6704853142076503,0.1710973338783667
2011,9,96608.57,22936.1,45326.42,165615.46,34268.0,267858.0,261817.0,16419.0,0.05901105536307307,278236.0,325275.0,29.0,9028.172413793103,11217.0,1.8499,30.79060353122053,32.642207798011874,0.5721670184796841,0.118388823055902,0.9253937599541203,0.583330626259167,0.6693153962880821,0.1692180931687685
2011,10,112225.71,23638.07,54322.35,168315.24,35315.0,311454.0,306349.0,13807.0,0.043125851147565564,320156.0,367797.0,28.0,10941.035714285714,22484.0,1.7446,31.815951193408015,33.15183548156456,0.49123056268970344,0.10306735932757413,0.9089831893532571,0.6667590528344315,0.6693492850063713,0.17441532296904197
2011,11,109496.09,21945.6,47541.09,164221.4,32766.0,272574.0,273053.0,21306.0,0.07238100414799616,294359.0,297995.0,24.0,11377.208333333334,19271.0,1.8396,31.022032636141223,33.283069798145114,0.523615087842362,0.10447342409845997,0.8690941555335905,0.6667589607688158,0.6697674418604651,0.17441535142750225
2011,12,128221.3,25883.28,58952.09,192305.32,38622.0,326556.0,315048.0,27863.0,0.0812543196339575,342911.0,366334.0,29.0,10863.724137931034,16265.0,1.8876,31.425185981599956,34.06800397245851,0.5354069314208076,0.1075294563111121,0.9091810143216696,0.6667589851388407,0.6701693335404691,0.18052673967099056
2012,1,133831.58,25483.86,60141.21,200719.57,38096.0,343044.0,324458.0,21575.0,0.06234954469660408,346033.0,355922.0,25.0,12978.32,19024.0,1.842267,32.631383862614136,34.68104616467335,0.5498307661543266,0.10435630600152852,0.9396998276981403,0.6667590011277923,0.6689379462410752,0.17531631510826598
2012,2,121406.37,24301.91,53775.24,182084.33,36315.0,306732.8,294148.0,14791.0,0.04787676531613037,308939.0,336318.0,23.0,12789.04347826087,17049.0,1.757901,34.810558914156324,36.465083144464735,0.5585614501147281,0.11139980612783293,0.9409327950722112,0.6667590231405416,0.669197576758915,0.17531623615081268
2012,3,112741.37,24108.7,58407.14,166690.0,36024.0,333153.0,299083.0,13861.0,0.04429226954343269,312944.0,374185.0,26.0,11503.192307692309,19955.0,1.789832,32.770443609221225,34.19419601134078,0.5007224413410674,0.10821300154100794,1.0007629941814185,0.6763535305057292,0.669239951143682,0.17531626609996007
2012,4,116585.81,21747.15,53468.16,144612.23,32467.0,278470.8,284925.0,7034.0,0.024092423936237624,291959.0,321200.0,25.0,11397.0,15200.0,1.787371,34.93600061762462,35.7547922156067,0.470805771603632,0.10570095618230298,0.906601466992665,0.8061960596278751,0.6698232051005637,0.19200634321444118
2012,5,111941.25,22977.76,51426.98,138851.17,34215.0,267840.0,256625.0,13645.0,0.050486550486550485,270270.0,290690.0,26.0,9870.192307692309,6535.0,1.809909,37.1954126605758,39.12401657360802,0.5016208883510053,0.1236068712631636,0.9676125792525424,0.8061959434695436,0.6715697793365483,0.19200634707287934
2012,6,89114.52,17672.22,46404.77,110537.05,26289.0,231705.0,221455.0,15008.0,0.06346870334893831,236463.0,249571.0,25.0,8858.2,5372.0,1.822835,34.75107014656116,37.050373407458636,0.45707631236173424,0.10870634937043852,0.9581119358240122,0.8061959315903582,0.6722286888052037,0.2002752206469433
2012,7,89448.46,19337.21,50074.94,110951.25,25565.0,247093.2,223778.0,9964.0,0.0426281969008565,233742.0,250841.0,26.0,8606.846153846154,14876.0,1.811551,35.272244176284154,36.744889264874736,0.4462719915693956,0.10282843559195232,0.9938668962022058,0.8061960545735177,0.756393897907295,0.20265608280600195
2012,8,95960.0,21411.85,50082.6,119033.06,28335.0,247131.0,234982.0,10034.0,0.04095242759656512,245016.0,266502.0,27.0,8703.037037037036,11415.0,1.794777,36.38443805109878,37.8661178256282,0.4641913809172838,0.11049756074733554,0.963732934005639,0.8061625904601629,0.7556679018881242,0.20265608118771017
2012,9,106772.3,23886.6,56467.7,132440.0,31631.0,278638.2,257320.0,20716.0,0.07450833704987843,278036.0,293592.0,27.0,9530.37037037037,12924.0,1.801074,35.70842390988383,38.445712100249395,0.4551828430024746,0.10871253780588397,0.9576512235358813,0.8061937481123528,0.7551642376149978,0.202655989020888
2012,10,120537.0,24909.9,52992.7,135923.13,33007.0,244272.6,242823.0,24260.0,0.09083318668728448,267083.0,288011.0,24.0,10117.625,13504.0,1.80206,39.24565217284396,42.96004637132167,0.4844241892888837,0.11763552837444358,0.8705770402762779,0.8868027097374818,0.7546853697700489,0.21694082758360944
2012,11,133941.28,20424.56,54423.41,151033.95,27017.0,250867.8,254074.0,22254.0,0.0805347268463565,276328.0,305084.0,24.0,10586.416666666666,18838.0,1.793263,39.44553188402516,42.66202975347427,0.5116915566155994,0.0915315449611405,0.8499210613688568,0.8868289546820433,0.7559891919902284,0.21694059580384573
2012,12,137627.44,21991.94,53909.15,155190.49,29110.0,248497.2,269728.0,16728.0,0.05839640293797302,286456.0,315993.0,25.0,10789.12,20857.0,1.787485,38.87161386614636,41.109321788967215,0.5049916209206899,0.09472427134550117,0.8086127173272852,0.8868290834058196,0.7554771556166265,0.2169406737782156
2013,1,134408.01,21240.14,60187.02,152298.48,28106.0,275729.4,315828.0,16089.0,0.04847296161389745,331917.0,359248.0,25.0,12633.12,23844.0,1.770204,34.27208756440836,35.895428954996234,0.42809211802305486,0.07900247638161574,0.7750411090591718,0.8825302130395524,0.7557155055859959,0.2182829252158094
2013,2,117963.92,19520.14,51306.48,133665.57,25817.0,235045.8,255007.0,20776.0,0.07533459277765489,275783.0,308615.0,23.0,11087.260869565218,18806.0,1.775661,36.09139314846411,38.82988541892786,0.4537357810373096,0.08763735237907729,0.7978770422520868,0.8825303329795399,0.7560963706085138,0.21828290486364788
2013,3,138414.37,19359.91,59360.32,156838.09,25595.0,271942.2,308592.0,20093.0,0.061131478467225456,328685.0,369432.0,26.0,11868.923076923076,11783.0,1.807595,35.28187053916173,37.49464814273059,0.4606544227357637,0.0751759343021958,0.7987305708612851,0.8825303215564535,0.756394217620629,0.2182828556950705
2013,4,124586.38,21521.6,54603.14,141169.5,28482.0,251368.2,308827.0,28454.0,0.08436289029029206,337281.0,384121.0,27.0,11438.037037037036,9600.0,1.795447,32.22688521288259,35.106615235297035,0.40696809568699355,0.08210885000908093,0.7246525465505462,0.8825304332734762,0.755621094024296,0.2172237379270727
2013,5,116332.24,23493.28,59737.42,131816.7,31115.0,275004.0,327498.0,16454.0,0.04783807042843188,343952.0,360929.0,26.0,12596.076923076924,7391.0,1.825108,31.121464053726893,32.65054553905494,0.37517952542102734,0.0885601819304782,0.7827222970145983,0.8825303622378651,0.7550467620118914,0.21722382219894984
2013,6,94184.19,17082.05,52045.23,106720.63,22553.0,239592.5,259718.0,19007.0,0.06819266301910486,278725.0,297162.0,24.0,10821.583333333334,4290.0,1.897836,30.405248235562738,32.59424460390514,0.37708471282440864,0.07968835574086179,0.8465717364803985,0.8825303036535672,0.7574180818516383,0.2172239531704874
2013,7,86102.28,14828.92,49216.71,97562.98,19544.0,226571.4,272173.0,21642.0,0.07365859469394007,293815.0,344962.0,23.0,11833.608695652174,4180.0,1.934933,26.04020402851766,28.07948746522789,0.3273980435913354,0.06558499303679592,0.7603194684474571,0.8825302384162518,0.75874539500614,0.21722384202066103
2013,8,90886.11,17078.31,49201.07,103497.5,22548.0,226499.4,253481.0,27211.0,0.09694255625382982,280692.0,300253.0,21.0,12070.52380952381,7306.0,1.959233,27.85361907684759,30.759917430293505,0.3593688150612157,0.07829221036257196,0.7864617115396635,0.8781478779680668,0.757420170303353,0.21722384253556523
2013,9,101911.31,17132.97,54518.79,116052.56,22621.0,251440.2,262887.0,18195.0,0.06473199991461566,281082.0,313746.0,23.0,11429.869565217392,7111.0,2.01943,29.822571724324355,31.832296583486574,0.40269041926764354,0.07849253798669642,0.8724715728695701,0.8781478840277198,0.7573922461429645,0.21682606838524626
2013,10,116052.01,15183.8,51618.79,132155.42,20016.0,236640.6,261284.0,23794.0,0.0834648762794744,285078.0,318170.0,20.0,13064.2,14750.0,1.983254,30.75072528584384,33.40142323410879,0.44077077524447356,0.06675827474418666,0.7892545059167256,0.8781479412649136,0.7585831334932054,0.2181315885777842
2013,11,136323.44,19402.59,55547.51,155239.72,25552.0,257509.8,311141.0,18926.0,0.057339873419639045,330067.0,348789.0,25.0,12445.64,16500.0,2.024689,30.109225123945528,31.848467754433752,0.44793566611939395,0.07372888936338429,0.7430303519954294,0.8781479379117664,0.7593374295554164,0.2157102758807626
2013,12,144901.35,17593.48,57320.02,165007.89,23236.0,265726.8,327767.0,46819.0,0.12498865414083815,374586.0,346382.0,27.0,12139.518518518518,21500.0,2.067259,26.845570961814946,30.44420119845687,0.4165961180147746,0.0586640275091773,0.6708815762233454,0.8781480085588634,0.7571647443621966,0.2157103461148819
2014,1,127934.63,16162.53,51983.86,145686.88,21325.0,243129.6,265489.0,36684.0,0.12140065459190597,302173.0,299530.0,26.0,10211.115384615385,19300.0,2.221045,27.462096984668754,30.99952141393249,0.4531854308137853,0.06633527543526206,0.7562986627181754,0.8781479155844369,0.7579146541617819,0.21381131709178972
2014,2,111388.09,15455.88,51159.5,126844.32,20381.0,239274.0,268978.0,38284.0,0.12459724925308044,307262.0,324366.0,25.0,10759.12,16360.0,2.206518,24.92774287731944,28.272315658776158,0.3919520922557799,0.06297779508191656,0.7393625896879693,0.878148032170459,0.7583474804965409,0.2138113627055175
2014,3,105817.6,16157.2,53320.85,120500.87,21316.0,249382.8,258151.0,24534.0,0.08678918230539293,282685.0,298591.0,26.0,9928.884615384615,23500.0,2.21216,25.880382642835542,28.134765931939178,0.39355575877329063,0.06961804138021131,0.8144840537583486,0.878148016690668,0.7579846124976544,0.213811257231854
2014,4,92453.46,15017.61,44728.08,105282.33,19796.0,209194.2,214967.0,9499.0,0.04231821300330562,224466.0,242297.0,28.0,7677.392857142857,20200.0,2.124484,29.280948483645208,30.463681306048635,0.430310423189164,0.08091030220790793,0.8550194959659291,0.8781479285270378,0.7586184077591432,0.21381128157472817
2014,5,92428.83,16685.19,50530.24,105254.28,22023.0,236331.0,226364.0,20665.0,0.0836541458695133,247029.0,265210.0,27.0,8383.851851851852,22638.0,2.090432,28.31975289103089,30.67004603523517,0.3903120515302206,0.08166738978072957,0.8763808697393451,0.8781479479979342,0.7576256640784633,0.21381130702277737
2014,6,93343.73,16543.67,54216.81,106296.13,21834.0,253573.2,261451.0,19440.0,0.06920834060187048,280891.0,286121.0,25.0,10458.04,25200.0,2.118606,25.305735515172152,27.02191127738804,0.3472697008405997,0.07133172814620489,0.8284242267822315,0.8781479626774746,0.7577022075661811,0.2138112781634652
2014,7,78040.75,16448.06,48507.79,88869.71,21471.0,226872.0,204265.0,16676.0,0.07547716358665889,220941.0,245392.0,25.0,8170.6,31162.0,2.119044,26.76749456476318,28.66351642870398,0.3525134964677136,0.08516757039781359,0.899917890703403,0.8781479088881914,0.7660593358483536,0.2138112680277866
2014,8,83325.68,18280.89,55710.05,94887.96,24154.0,260557.0,250415.0,20500.0,0.07566949043057786,270915.0,267822.0,28.0,8943.392857142857,18828.0,2.15926,25.145293827319254,27.05984136786829,0.32749008604176805,0.08336353250984493,0.8992693524951423,0.8781480811685696,0.756847313074439,0.21381137332714148
2014,9,96420.6,21985.19,48077.52,109799.95,29101.0,224859.6,315453.0,18625.0,0.05575045348691024,334078.0,412224.0,28.0,11266.17857142857,30300.0,2.213771,20.638867368717655,21.750640526846045,0.301335289177722,0.07986486560659535,0.617105313712683,0.8781479408688256,0.7554788495240713,0.21381128490844953
2014,10,115280.36,21704.39,61831.92,119678.67,28726.0,276514.2,289761.0,16714.0,0.05453625907496533,306475.0,392664.0,25.0,11590.44,48007.0,2.25606,24.860391442720918,26.090574830648833,0.33761564762103574,0.0810365547474907,0.7800514553630368,0.9632490066943424,0.7555660377358491,0.22361209659395428
2014,11,126066.04,22161.16,69876.31,130875.86,29336.0,312489.0,308134.0,16022.0,0.04942681918582411,324156.0,414277.0,27.0,11412.37037037037,62310.0,2.232761,25.276045301065945,26.36925452516913,0.33864779825392144,0.07590835933820828,0.8085808324665041,0.9632489903027188,0.7554254158712844,0.22361206314462267
2014,12,131972.06,21714.88,72037.74,137007.2,28740.0,322155.0,311688.0,16323.0,0.04976357500205786,328011.0,395378.0,28.0,11131.714285714286,67366.0,2.29694,24.85524185373841,25.925569861828475,0.34652293886594315,0.07269011601585322,0.814804604213194,0.9632490847196351,0.755562978427279,0.2236120501001071
2015,1,124111.64,24642.82,61903.96,128846.89,26173.0,276836.4,259351.0,29157.0,0.10106132238967377,288508.0,292253.0,28.0,9262.535714285714,50582.0,2.33742,26.578292980339906,29.0786504396223,0.3799784423014539,0.07718599781768852,0.816409802707246,0.9632490159444284,0.9415359339777634,0.22361206835517292
2015,2,91115.85,16089.19,46564.2,94592.2,17016.0,208236.6,163169.0,21310.0,0.11551450300576217,184479.0,195267.0,23.0,7094.304347826087,45356.0,2.465029,27.141339021524942,29.91502052037973,0.4115656884286553,0.07403572127830835,0.9060264972697806,0.9632490839625255,0.945533027738599,0.22361198751804437
2015,3,114173.87,17228.8,59819.4,118529.95,18236.0,267514.2,235748.0,42644.0,0.15317968907152504,278392.0,263150.0,27.0,8731.407407407407,49780.0,2.595899,22.44650349099639,25.798919698408795,0.3611823982545738,0.05556842143753885,0.815164608802701,0.9632491197372478,0.944768589602983,0.22361205498623998
2015,4,113218.77,18008.78,53025.99,117538.42,19071.0,237133.8,273675.0,32733.0,0.10682815070102608,306408.0,294791.0,28.0,9774.107142857143,31664.0,2.651767,20.55281324430386,22.75611919580628,0.3476727442674933,0.05641106036583923,0.7014298729264772,0.963249038059215,0.9443018195165434,0.22361211265538697
2015,5,97775.74,20770.02,51776.22,101506.2,22027.0,231544.8,250757.0,20522.0,0.07564905503190442,271279.0,267289.0,26.0,9644.5,30362.0,2.644839,21.34917440240431,22.907687904110492,0.33651327239997214,0.07302389264058931,0.7676171342755129,0.9632489443994555,0.9429345802878286,0.22361210443940008
2015,6,102918.73,20091.85,57861.23,106845.4,21301.0,258757.2,270643.0,26426.0,0.08895576448569188,297069.0,302845.0,27.0,10023.814814814816,39525.0,2.695537,19.935136650487742,21.633590137390936,0.3174310890865553,0.06328395633909101,0.7687516711527835,0.9632490495613288,0.9432350593868831,0.22361205794466782
2015,7,80617.71,17563.21,50131.59,83693.52,18594.0,224190.0,247440.0,14695.0,0.05605890094798482,262135.0,320003.0,26.0,9516.923076923076,15852.0,2.697111,19.781283986311713,20.88532804453927,0.3010699061466903,0.06688801994337865,0.8064765618536118,0.9632491260972176,0.9445632999892438,0.2236120701190954
2015,8,96583.51,19457.59,66583.06,100268.47,20622.0,297761.4,314964.0,9202.0,0.028386690769544,324166.0,372481.0,29.0,10860.827586206897,26558.0,2.85218,18.256428287321118,18.748331160635075,0.2858899590561239,0.05879837136893968,0.84899065932186,0.9632490652345647,0.9435355445640579,0.2236121270251953
2015,9,89521.53,19060.6,61267.2,92937.05,20197.0,273988.8,251609.0,19081.0,0.07049022867486793,270690.0,289073.0,24.0,10483.708333333334,31300.0,3.019192,18.628614001028144,19.88503420594781,0.3077487665154475,0.06687969800324514,0.9072777244279612,0.9632491024838855,0.9437342179531613,0.22361206005500955
2015,10,102049.67,19950.79,73231.98,105943.18,21150.0,327495.6,308025.0,21572.0,0.06544962484488633,329597.0,367569.0,28.0,11000.892857142857,46080.0,2.924633,17.76912321682895,18.851614359381117,0.28200603177729805,0.05629836268922505,0.8717478046300412,0.9632490737015823,0.9432997635933806,0.22361210349085606
2015,11,113018.41,18547.75,75827.7,117330.42,19648.0,339103.8,298426.0,30494.0,0.09270947342818922,328920.0,348269.0,28.0,10658.07142857143,51672.0,2.88002,18.92085405533268,20.568885530986112,0.30828398915373945,0.05162483709589272,0.8909903518728717,0.9632490022621585,0.9440019340390879,0.2236120621473425
2015,12,121239.34,17793.0,76691.48,125916.92,18840.0,342966.6,290131.0,31800.0,0.09877893088891719,321931.0,359789.0,29.0,10004.51724137931,68114.0,2.92173,18.92968151567835,20.609994910697324,0.32282664820725815,0.04830211898627081,0.8793000807599123,0.962851855016784,0.9444267515923567,0.2236120951719497
2016,1,108912.94,17399.18,72464.27,113068.31,16744.0,319743.0,259190.0,25847.0,0.09067945564961742,285037.0,299497.0,28.0,9256.785714285714,47036.0,3.001791,19.941176719034146,21.62431137989532,0.340492331505422,0.050422648032209784,0.9628696099953926,0.9632490306081342,1.0391292403248926,0.22663285826429352
2016,2,109342.91,19360.72,77354.18,113514.67,18653.0,332553.6,274281.0,29104.0,0.09593091286648978,303385.0,296439.0,29.0,9457.965517241379,61335.0,2.945324,19.18211208526317,20.845549436669238,0.31123785369598594,0.051143342838341745,0.9118052204430795,0.9632491553734861,1.0379413499169035,0.23260665348382936
2016,3,94524.23,18302.38,64676.19,98130.62,17623.0,278049.6,262734.0,22525.0,0.07896332806326882,285259.0,297211.0,28.0,9383.357142857143,38044.0,2.882802,19.044986052649403,20.471248315301352,0.3035252379346928,0.05450923746454564,0.8600278995245945,0.9632490857593685,1.0385507575327697,0.23260666442246278
2016,4,89301.64,18300.32,63833.78,92708.78,17623.0,274428.0,276545.0,12899.0,0.04456475173090477,289444.0,290998.0,29.0,9536.034482758621,25613.0,2.834917,19.194282607126357,20.013678589855004,0.2942603401924096,0.05593591000993471,0.8710423828069207,0.9632490040317648,1.038433864835726,0.2326066582127188
2016,5,108826.9,21868.89,72871.78,112980.98,21094.0,311576.4,260545.0,31864.0,0.1089706541180333,292409.0,305174.0,29.0,8984.310344827587,43700.0,2.940724,20.595587491613514,22.752591878974933,0.3361438699945553,0.06275940245575096,0.9270099878313286,0.9632320413577578,1.036735090547075,0.2338809357833263
2016,6,102401.03,21129.13,73492.85,106307.95,20311.0,322840.8,265719.0,23928.0,0.08261090223617024,289647.0,338147.0,28.0,9489.964285714286,31479.0,2.914586,21.05060613563751,22.745432156046576,0.33104747046330724,0.06324931646767935,1.0053399600156947,0.9632490326452537,1.0402801437644627,0.2276442444697201
2016,7,76801.57,16483.84,51941.15,79731.89,15795.0,228168.0,189805.0,16928.0,0.08188339549080215,206733.0,262470.0,25.0,7592.2,20956.0,2.969792,21.47721514183184,23.202232094308485,0.35017892827497155,0.06937094018595541,1.0021037467774025,0.963247829695245,1.0436112693890471,0.22764432348094388
2016,8,91223.14,17510.12,57491.74,94703.58,16397.0,252550.8,245177.0,26722.0,0.0982791404161104,271899.0,312575.0,27.0,9080.62962962963,21540.0,2.960826,19.132231264924734,21.049062527503867,0.32273685501927146,0.05587873459219804,0.8606586036620899,0.9632491189878989,1.0678855888272245,0.22764426008549568
2016,9,78901.09,15951.26,49067.09,81911.4,15021.0,215542.8,207890.0,17860.0,0.0791140642303433,225750.0,219093.0,20.0,10394.5,29250.0,2.968482,19.012746608681265,20.444675656632043,0.32122117647058823,0.058905882352941176,0.8452658823529411,0.963249193640934,1.0619306304507024,0.22764430080707868
2016,10,115896.16,24771.16,62980.06,132105.32,21436.0,276660.0,264207.0,29683.0,0.10100037428970023,293890.0,289554.0,27.0,9785.444444444445,47500.0,3.073362,19.409498499166393,21.257811639233047,0.38696306277278186,0.06279035706962711,0.810392805881836,0.8773012320775575,1.1555868632207502,0.22764425648810813
2016,11,119474.25,23507.51,65169.0,136295.74,20625.0,286275.0,253280.0,30287.0,0.10680720958362575,283567.0,343207.0,28.0,9045.714285714286,38486.0,3.299438,19.588928449781616,21.622372634362875,0.42320903702185664,0.06404225391472831,0.888906484336429,0.8765809555016173,1.1397580606060604,0.22764474718365207
2016,12,121289.34,17793.0,76691.48,125916.92,18840.0,342966.6,289748.0,29564.0,0.09258656110637871,319312.0,322344.0,28.0,10348.142857142857,33767.0,3.502333,17.44895514235535,19.043505348152895,0.3566253444696513,0.05335916324675214,0.9713593841604853,0.9632489422390573,0.9444267515923567,0.2236120951719497
2017,1,95971.14,19262.54,62086.82,109483.48,15041.0,270381.6,245715.0,27061.0,0.09920594187171893,272776.0,271051.0,26.0,9450.576923076924,27362.0,3.812,15.498335963078533,17.03416823564952,0.3647771358508419,0.05011361440404081,0.9008576055014692,0.8765810147795814,1.280668838508078,0.22962664619190065
2017,2,97200.88,23602.49,62776.46,110886.34,18594.0,269339.4,232533.0,21080.0,0.083118767571063,253613.0,247864.0,25.0,9301.32,51125.0,3.666612,16.429842301122584,17.65082346755422,0.36387434451889816,0.0610163484698331,0.8838392323897907,0.8765811911548348,1.2693605464128215,0.23307566586990242
2017,3,101658.69,29625.67,74553.28,115114.20999999999,23170.0,319867.2,268248.0,18836.0,0.06561145866714968,287084.0,315683.0,28.0,9580.285714285714,70687.0,3.599536,15.98354608616793,16.871816917091436,0.3217538872630817,0.06476209642480804,0.8940556948439086,0.8831115637244091,1.2786219249028916,0.23307572642646698
2017,4,81714.22,21456.76,65009.67,92516.01,16930.0,278920.8,238937.0,14240.0,0.05624523554667288,253177.0,258236.0,26.0,9189.884615384615,27644.0,3.653912,16.39035505036667,17.265881272855225,0.3294483318555236,0.06028751411041197,0.9932334120311515,0.8832441001292641,1.2673809805079739,0.23307573332644965
2017,5,92062.8,25356.63,71681.14,103231.61,20144.0,307544.4,286250.0,19166.0,0.06275375225921366,305416.0,332338.0,27.0,10601.851851851852,45828.0,3.568617,15.086343211405778,15.95705688105509,0.29390284246848347,0.05735044584391477,0.8755862021842367,0.8918082358688391,1.2587683677521844,0.23307574451038612
2017,6,79419.25,25029.03,68425.65,89891.35,19247.0,272768.4,241286.0,18325.0,0.07058637731066865,259611.0,272134.0,23.0,10490.695652173914,30506.0,3.519175,16.932280850349184,18.07390402756797,0.3098451659158202,0.0663421998710865,0.9402013670346792,0.8835026951981475,1.3004120122616512,0.25085622088189097
2017,7,75046.87,24882.34,69128.9,84952.31,19713.0,280506.6,261891.0,16465.0,0.05915087154579028,278356.0,319124.0,26.0,10072.73076923077,15250.0,3.556397,16.19052187784637,17.152403889958396,0.28934119193749447,0.06714099848095748,0.9553844267487721,0.8833999923015631,1.2622300005072795,0.2464430426948956
2017,8,72939.38,25328.06,67398.53,82566.19,20150.0,268396.2,240506.0,9704.0,0.03878342192558251,250210.0,291185.0,26.0,9250.23076923077,38406.0,3.50946,16.355830737982227,16.924888295496352,0.286076274357624,0.06981594921972448,0.9299422069462538,0.8834049385105454,1.256975682382134,0.2511158131150888
2017,9,79237.29,26578.67,64246.21,89690.3,21230.0,255843.0,243451.0,12666.0,0.04945396049461769,256117.0,237584.0,24.0,10143.791666666666,48795.0,3.467228,16.086101273764513,16.783276115279886,0.29415142729705623,0.0696266463766595,0.8390716009865141,0.883454398078722,1.2519392369288742,0.25111576240116007
2017,10,104604.05,32195.71,73370.46,118395.65,24886.0,292177.8,319163.0,14858.0,0.04448223315300535,334021.0,331883.0,27.0,11820.851851851852,42521.0,3.672914,15.196619663109475,15.820897692976654,0.3144288020991018,0.0660909008822389,0.775950093216693,0.8835126121610043,1.2937277987623563,0.25111579319167987
2017,11,117879.41,30983.46,80771.81,132921.73,24706.0,321651.72,331459.0,26541.0,0.07413687150837989,358000.0,343926.0,29.0,11429.620689655172,38357.0,3.889185,14.896777880371395,15.965891660529467,0.3353586034812051,0.062332695019893684,0.8115202204073599,0.8868332514179584,1.2540864567311585,0.25111574096354905
2017,12,120481.5,27382.71,85057.49,134532.68,21795.0,338718.24,331501.0,24011.0,0.06753921105335403,355512.0,344613.0,29.0,11431.068965517241,34417.0,3.843316,15.542408571750919,16.562278521347032,0.34501840078578405,0.055894791102995674,0.8686664495331201,0.8955556374852565,1.2563757742601513,0.25111576512679096
2018,1,143449.17,27933.16,84121.79,141876.30000000002,21426.0,333207.0,297006.0,32729.0,0.09925849545847423,329735.0,299582.0,30.0,9900.2,48165.0,3.772753,17.92101661524107,19.620281480482422,0.37543344800211703,0.05669753903148981,0.8817332627679281,1.01108620678718,1.303703911136003,0.25246105273898806
2018,2,120398.7,25606.61,87643.41,118891.73,20357.0,320738.67,278901.0,22664.0,0.07515461011722183,301565.0,286128.0,26.0,10726.961538461539,40019.0,3.78455,18.073890173412206,19.358308356311408,0.34806000866551123,0.05959588271113401,0.938974512857745,1.0126751456976866,1.2578773886132535,0.2732548900324367
2018,3,116860.06,26174.55,84220.39,116492.8,20920.0,308211.75,274688.0,26247.0,0.08721817003671889,300935.0,287120.0,29.0,9472.0,39660.0,3.889189,17.156003664533873,18.58847222861896,0.3420273345175355,0.06142192339875806,0.9049215343736696,1.0031526411932754,1.251173518164436,0.273254961889026
2018,4,121265.71,27664.49,98504.45,110686.76,21428.0,311664.78,244805.0,17956.0,0.0683358641503115,262761.0,249932.0,28.0,8743.035714285714,32327.0,4.060187,20.652038765985818,21.990130390489814,0.37509746245187875,0.07261562652496882,1.0561757170742287,1.095575568387764,1.291043961172298,0.31605897207891115
2018,5,129149.27,28599.97,107000.12,117747.16,22763.0,344726.55,290422.0,26520.0,0.08367461554479999,316942.0,297923.0,29.0,10014.551724137931,32891.9,4.417734,17.130635113362324,18.53578485547477,0.3365801884837347,0.06506802228143127,0.9854006429908593,1.09683554151115,1.2564235821288934,0.3103912942011574
2018,6,100065.44,25073.45,97688.7,91214.18000000001,19974.0,293397.93,250353.0,15919.0,0.059784731402475665,266272.0,269952.0,24.0,10431.375,17706.6,4.629054,16.95083522852528,17.957478325817426,0.3212008933067492,0.07033628590323356,1.0331691542954293,1.0970382017357387,1.2553043957144288,0.3329563368085112
2018,7,110743.79,30081.03,125965.35,100931.2,23929.0,344259.72,292982.0,23650.0,0.07469238737714444,316632.0,318005.0,28.0,10463.642857142857,24250.0,4.761595,16.43664975686795,17.662020358667032,0.29608838249012853,0.07019731167970147,1.009908766083278,1.0972205819409657,1.2570951565046595,0.3659020869476104
2018,8,88597.23,23365.95,102651.07,71265.64,16355.0,238281.75,227397.0,19475.0,0.0788870345766227,246872.0,227365.0,21.0,10828.42857142857,14109.0,5.888005,13.966304096436048,15.09254432350325,0.27306830765458023,0.06266739724347749,0.9130233618539281,1.2431970020896466,1.4286731886273312,0.43079702914721757
2018,9,127448.16,28196.16,134329.29,88487.14,19281.0,270863.46,256554.0,25523.0,0.09048238601516607,282077.0,301781.0,25.0,10262.16,19790.0,6.333883,15.166061048165535,16.56679121105067,0.29313286977377456,0.06387250014079048,0.8972940400905035,1.4403014946578678,1.4623805819200248,0.4959299050525309
2018,10,194498.11,35709.09,143653.77,113064.62999999999,21236.0,302609.79,348477.0,19879.0,0.053966814711854834,368356.0,356943.0,24.0,14519.875,32586.0,5.831909,15.988872425240686,16.822967561586534,0.28199747095589883,0.052965266796693784,0.7547470457073591,1.7202383274061923,1.6815355999246562,0.4747162013495994
2018,11,194851.05,28997.69,131020.44,113044.84,17680.0,305047.89,311988.0,21307.0,0.06392835176045245,333295.0,316526.0,25.0,12479.52,26219.0,5.374481,18.36605768261221,19.52311709014493,0.31443793565758216,0.0491775007371062,0.8485007259800731,1.7236616018917803,1.6401408371040722,0.4295077733532266
2018,12,172287.12,22045.05,104382.21,100903.31999999999,13255.0,266076.09,239890.0,15738.0,0.06156602563099504,255628.0,283302.0,24.0,9995.416666666666,19201.0,5.309368,20.471550841304015,21.715057050089513,0.36714946384842934,0.048229990284868046,0.9681514323452038,1.7074474853751096,1.6631497548095058,0.39230210425897344
2019,1,170252.27,17141.79,92975.46,99737.54000000001,10222.0,253220.31,199738.0,19410.0,0.08857028127110446,219148.0,191028.0,20.0,9986.9,23970.0,5.36303,21.503217978063088,23.368942319410756,0.41024333862568796,0.04204542650071159,1.0415531141256509,1.7070028998108433,1.676950694580317,0.36717220668436906
2019,2,199152.53,23157.26,126064.83,116671.73000000001,14106.0,285803.91,269724.0,15033.0,0.052792380872112014,284757.0,288104.0,28.0,9633.0,12642.0,5.269724,22.22895948749092,23.4124162350294,0.39230706895450224,0.04743122875329103,0.9610116711892104,1.7069476041882639,1.641660286402949,0.4410885421406587
2019,3,208601.95,33055.42,142319.42,122198.23000000001,20022.0,323859.06,256651.0,16793.0,0.061412940126680415,273444.0,282303.0,28.0,9166.107142857143,28659.0,5.476742,23.207462271755727,24.57342530820588,0.4044919448002834,0.06627540938024448,1.0720153722405934,1.7070783267482679,1.650954949555489,0.4394486292895435
2019,4,211964.61,24245.69,128997.01,124166.16,14628.0,340054.47,290490.0,15784.0,0.0515355531321627,306274.0,318877.0,28.0,10374.642857142857,45169.7,5.764748,18.02616624318275,18.8738253693227,0.35330313219443116,0.04162259844179878,0.9675930170323155,1.7071044961042523,1.6574849603500137,0.37934219773673317
2019,5,199634.38,29684.07,165092.35,116934.14,17912.0,349196.4,300850.0,24712.0,0.07590566466602368,325562.0,307901.0,29.0,10374.137931034482,32125.0,6.044426,18.24276137495118,19.596662175605264,0.3269175004962439,0.05007730222233405,0.9762624864756059,1.7072377664897522,1.6572169495310407,0.47277792669111135
2019,6,136236.28,19921.629999999997,135965.3,79789.01999999999,11724.0,245322.0,208661.0,20001.0,0.08746971512538157,228662.0,224862.0,24.0,8694.208333333334,11398.5,5.820426,20.90694543993747,22.807157954026565,0.332370464945295,0.04883768883260678,1.0219173916575197,1.7074564896272697,1.699217843739338,0.5542319889777516
2019,7,169794.13,26199.66,164500.15,99435.06999999999,15618.0,340224.57,324162.0,29185.0,0.08259586185817341,353347.0,330301.0,30.0,10805.4,20335.4,5.676879,16.99361157829804,18.43326991508847,0.26609513854545996,0.04179485038631736,0.9104645281661646,1.707587976757094,1.6775297733384555,0.4835046157895063
2019,8,167397.37,21011.61,148610.33,85005.68000000001,12349.0,302492.61,284377.0,27454.0,0.08804127876958993,311831.0,297864.0,27.0,10532.481481481482,22415.0,5.641561,17.87266347439842,19.47204058666384,0.25432070989630395,0.036945842283826885,0.9049999401638313,1.9692492313454817,1.7014827111507005,0.4912858201725986
2019,9,205141.28,20887.59,148452.66,104743.69,12507.0,328213.62,333840.0,23161.0,0.06487656897319616,357001.0,339595.0,27.0,12364.444444444445,36813.0,5.719617,16.625407656197385,17.664279773043027,0.26597248955090474,0.0317586474833297,0.8334229357006099,1.9585072857372123,1.6700719597025666,0.45230499575246147
2019,10,229611.02,21179.42,157785.56,117246.23999999999,12787.0,345163.14,399136.0,19669.0,0.046964577786798155,418805.0,412989.0,31.0,12875.354838709678,24639.3,5.792574,15.90604419643649,16.644303324091428,0.26439902373308216,0.028835639560594196,0.7783686474265201,1.9583657437543414,1.6563243919605848,0.4571332848577052
2019,11,239112.04,20625.95,158812.93,122085.73999999999,12366.0,343154.07,472207.0,22203.0,0.044908072247729615,494410.0,473584.0,30.0,15740.233333333334,19614.5,5.740255,14.185129208561817,14.825508744262672,0.23750957395999606,0.0240572190625155,0.6675831015836794,1.958558305007612,1.6679564936115154,0.4628035739165209
2019,12,276403.33,23858.56,165336.75,141097.81,14293.0,366601.41,404473.0,35484.0,0.08065333657607449,439957.0,443077.0,30.0,13482.433333333332,25821.0,5.853509,17.077191200147496,18.485454044960658,0.302929313965022,0.030686292611501617,0.7870732623696267,1.9589484060737727,1.6692478835793747,0.4509986745550161
2020,1,288882.44,43057.31,176415.83,147461.88999999998,20117.0,373715.37,351493.0,40358.0,0.10299322956940266,391851.0,414728.0,30.0,11716.433333333332,20741.0,5.924601,20.796377131084135,23.051142112940422,0.35740365785085504,0.048757610423856984,0.9057746393531624,1.9590311774791442,2.1403444847641295,0.4720593375648424
2020,2,246833.16,45566.67,166489.13,125988.18999999999,21060.0,341870.76,299671.0,21208.0,0.06609344955575154,320879.0,319744.0,27.0,11098.925925925925,15689.4,6.057833,22.50696702477903,24.02056149212976,0.37433160688882255,0.06257271924518167,1.0157541825079242,1.9591769673014592,2.163659544159544,0.4869943542407663
2020,3,250092.07,31661.62,152968.2,127633.87,16427.0,333484.83,256156.0,26337.0,0.0932306287235436,282493.0,297135.0,29.0,8832.965517241379,29627.0,6.335075,21.98559128812069,24.011724815150764,0.40892563757529155,0.05263039856465462,1.0684506920415227,1.9594490866726835,1.9274134047604552,0.4586961271971502
2020,4,150547.6,24756.41,138822.55,76587.64000000001,13110.0,224048.16,157032.0,28838.0,0.1551514499381288,185870.0,194938.0,20.0,7851.6,9960.0,6.839434,23.453370887141187,27.503554786030815,0.3910924781698413,0.06694582035438901,1.1440951845988867,1.9656905474564823,1.8883607932875668,0.6196103105689419
2020,5,149847.85,22033.95,142938.34,76466.91,11694.0,246716.82,209463.0,14305.0,0.06392781809731507,223768.0,253908.0,23.0,9107.08695652174,5738.0,6.931656,19.789346928009696,21.104799030022132,0.33318043972706596,0.05095291626362709,1.0749907191968837,1.9596430665238074,1.8842098512057466,0.5793619583780303
2020,6,200199.86,64873.38,166599.52,102152.20999999999,30050.0,294828.66,272379.0,28547.0,0.09486385357197451,300926.0,302779.0,27.0,10088.111111111111,11160.0,6.816762,20.290942765105353,22.333855885048152,0.327320706471934,0.09628756176182206,0.9447032548720544,1.9598191757182737,2.158847920133111,0.5650723372687038
2020,7,171379.97,43845.53,155825.36,96055.42,21469.0,319740.75,240382.0,28172.0,0.10490255218689723,268554.0,256366.0,28.0,8585.07142857143,26088.0,6.867708,18.336944354770605,20.275580585350394,0.32600722232404067,0.07286469681851196,1.0851838841712995,1.7841780297249235,2.042271647491732,0.4873490789022043
2020,8,170917.22,43065.29,147414.31,96272.62,20932.0,282441.6,277695.0,32177.0,0.10383964991996696,309872.0,279177.0,28.0,9917.67857142857,12090.0,7.26562,15.449236811032854,17.16468134014445,0.29901857983240254,0.06501388362601798,0.8772513526441008,1.7753460952864897,2.057390120389834,0.5219284623794795
2020,9,196247.56,46892.18,165434.23,110532.54,22636.0,323224.02,357723.0,37870.0,0.09572970199169348,395593.0,380665.0,27.0,13249.0,25504.0,7.537593,12.872291426503269,14.14431473467748,0.26248712291942233,0.053754835584200314,0.7675761641617015,1.7754731774009718,2.071575366672557,0.5118252968947048
2020,10,202386.31,53795.0,174443.2,113978.01000000001,24614.0,319296.6,378996.0,37281.0,0.0895581547863562,416277.0,382202.0,31.0,12225.677419354839,26353.0,7.930235,12.267945622238914,13.396260434271728,0.2575017734902741,0.055608521790208525,0.7213623116372591,1.7756610244379594,2.185544811895669,0.5463359146323513
2020,11,242508.49,44272.11,162752.95,136557.83000000002,19898.0,324577.26,341134.0,48919.0,0.1254162895811595,390053.0,347100.0,28.0,12183.357142857143,24420.0,7.983238,13.585849162646527,15.403928448299276,0.32947340357514243,0.0480079522670958,0.7831083327502636,1.7758666053788346,2.2249527590712637,0.501430537678456
2020,12,244282.45,52966.48,165929.02,137520.6,21429.0,333278.82,340629.0,37411.0,0.0989604274679928,378040.0,373597.0,28.0,12165.32142857143,18620.0,7.718763,15.128008585441794,16.703389252305065,0.34669641506579946,0.05402359703524429,0.8402128271063379,1.7763335093069692,2.4717196322740214,0.49786848141144996
2021,1,256401.19,59364.04,161129.09,144590.72,21980.0,309867.39,307143.0,25441.0,0.07649496067158973,332584.0,312942.0,26.0,11813.192307692309,26820.0,7.403641,17.922306152061083,19.28761126314999,0.402306930362489,0.06115680404224772,0.8621701205328822,1.7732893922929494,2.700820746132848,0.5199936979493066
2021,2,263686.84,52214.75,183117.86,147244.61,22988.0,345333.24,327401.0,28758.0,0.08074483587386533,356159.0,346194.0,28.0,11692.892857142857,26799.0,7.099851,18.353423767493794,19.84356425508721,0.3844928425571472,0.060027470375341424,0.901752254816455,1.7908080981707926,2.2713915956151034,0.5302642166737265
2021,3,276404.32,64556.11,237464.89,152827.49,26147.0,408137.94,344040.0,15598.0,0.043371390120065176,359638.0,355813.0,31.0,11098.064516129032,33969.0,7.64142,19.23137831834515,20.024933601445678,0.3882743193083456,0.06642920476515915,1.036917382058754,1.808603412906932,2.468968141660611,0.5818250810008009
2021,4,251386.34,57481.61,229720.49,137640.66,24104.0,393344.919,356316.0,24188.0,0.06356831991253706,380504.0,370600.0,30.0,11877.2,24241.0,8.183046,16.26149772630032,17.295069850853935,0.34006759811733317,0.059553546059864855,0.9718339176518549,1.8263959210890153,2.3847332392963825,0.5840179417698287
2021,5,219375.28,54566.85,240591.85,118300.97,21535.0,355123.44,331723.0,20590.0,0.05844235097768178,352313.0,349065.0,29.0,11438.724137931034,23072.0,8.384721,16.347394008675753,17.29609070011344,0.315145703744156,0.05736776909040052,0.9460245880895614,1.8543827662613417,2.53386812166241,0.6774879461631708
2021,6,231977.76,62114.75,258583.43,124535.4,25706.0,381570.21,327453.0,17200.0,0.04990526703670068,344653.0,352859.0,29.0,11291.48275862069,36250.0,8.631709,16.80967724356957,17.60462930222566,0.3269478056093021,0.06748699800211602,1.0017516533080602,1.8627455325955513,2.4163522134910136,0.6776824375257177
2021,7,213290.7,56146.58,234133.04,95853.85,22891.0,299903.31,206224.0,27943.0,0.11932936750267971,234167.0,214528.0,28.0,7365.142857142857,21242.0,8.605101,22.912261455016843,25.726912092200134,0.37529550642303133,0.08962487617899134,1.1742080741085865,2.225165708002339,2.452779695076668,0.7806950846924631
2021,8,255892.59,50916.95,294380.3,114974.47,23459.0,358650.18,272828.0,23459.0,0.07917660916611259,296287.0,265287.0,31.0,8800.90322580645,19293.0,8.484798,22.452290526657773,24.2553388643838,0.3643274922365169,0.07433614297483998,1.136479434691679,2.225647050166876,2.170465492987766,0.8208006475836706
2021,9,299966.61,55258.48,253567.62,117538.04,23629.0,344855.07,298101.0,20941.0,0.06563712614640078,319042.0,310115.0,29.0,10279.344827586207,34115.0,8.554109,20.15240323494632,21.422695683663456,0.33282092667000795,0.06690791914077875,0.9764922399952429,2.552081096468854,2.3385873291294597,0.735287493380915
2021,10,391342.55,55291.1,344608.37,133689.61,23730.0,369513.9,345745.0,14009.0,0.03894049822934561,359754.0,343980.0,31.0,11153.064516129032,37129.0,9.219938,21.62314425049232,22.41431478650455,0.3368489202107422,0.05979092074994394,0.9310398782512731,2.927247300669065,2.330008428150021,0.9325992066874885
2021,11,601936.79,56817.34,414218.86,139381.81,25408.0,386453.97,357443.0,19189.0,0.050948936893307,376632.0,414344.0,29.0,12325.620689655172,30837.0,10.680956,24.65381257993672,25.872216849011625,0.34206727382942015,0.062355663866453644,0.948425450770488,4.318617974612326,2.2361988350125945,1.0718452704729622
2021,12,1023544.87,55959.17,526549.17,157843.27,25951.0,405660.15,369213.0,23988.0,0.06100696590293514,393201.0,370601.0,31.0,11910.09677419355,25920.0,13.466856,28.454718389119066,30.18216657673738,0.376605491015721,0.06191768009715572,0.9678831411453972,6.484564530372439,2.1563396400909407,1.2980056581845667
2022,1,1153267.88,44441.09,515231.53,124439.41,18156.0,320778.36,288875.0,35309.0,0.10891654122350271,324184.0,319009.0,27.0,10699.074074074075,15494.0,13.535066,37.25756606281317,41.57971253670463,0.366345215174371,0.05345062088212955,0.9443601292989242,9.267706106931879,2.4477357347433353,1.606191670784775
2022,2,973353.27,73366.07,504385.12,106897.07,17073.0,280942.83,241632.0,41520.0,0.14663502288523478,283152.0,272114.0,27.0,8949.333333333334,16732.0,13.629202,37.95048436898597,44.04926016979528,0.3564613984073842,0.056932013711968626,0.9368383441597419,9.105518701307716,4.297198500556434,1.795330103281155
2022,3,1205662.57,87589.89,780331.56,132358.84,22991.0,374921.19,270029.0,48505.0,0.1522757382257467,318534.0,322700.0,28.0,9643.892857142857,47431.0,14.600894,38.80633574061195,44.73559081242693,0.36167076086511,0.06282294754962907,1.0244728047764131,9.109044548894506,3.809746857465965,2.081321570541265
2022,4,1651983.27,87339.06,821958.65,121165.99,22165.0,347383.89,309601.0,35561.0,0.1030269844304993,345162.0,337967.0,26.0,11907.73076923077,34008.0,14.709928,45.92114506686219,50.67364526249934,0.3195558456628953,0.0584566289527125,0.9161692380726324,13.634050858660915,3.94040424092037,2.366139230002865
2022,5,1470481.63,105501.15,783390.54,107301.06,21443.0,327096.63,268998.0,42316.0,0.13592707041764907,311314.0,258940.0,24.0,11208.25,29005.0,15.570749,44.52469607962844,50.84713927417869,0.31529553154540296,0.06300853023192945,0.9611471296048707,13.704260051112263,4.920074150072284,2.3949819966044896
2022,6,1522168.39,122346.05,1054225.99,105776.70999999999,22240.0,361209.24,315525.0,40568.0,0.11392529479658405,356093.0,289181.0,29.0,10880.172413793103,22884.0,16.965875,41.97319208561021,47.00487994417494,0.27911115978014495,0.05868430010264475,0.953116521583104,14.39039264881655,5.501171312949641,2.9186019438483912
2022,7,1412026.01,96466.49,943050.38,93490.51,19849.0,312388.65,240935.0,30610.0,0.11272533097644957,271545.0,288246.0,25.0,9637.4,20243.0,17.410362,48.25743845922905,53.91319886491789,0.3204056026978491,0.06802541571277777,1.0706014298052011,15.103415416174327,4.860017633130132,3.0188368879599174
2022,8,1447867.68,93358.21,1200984.7,93942.06,20331.0,314312.67,257634.0,24436.0,0.0866309781259971,282070.0,283673.0,27.0,9542.0,15367.0,18.018529,51.166590491052254,55.746452122472476,0.3158385137020613,0.06835397075683254,1.0567369560612836,15.412347568277724,4.591914318036497,3.8209872354175225
2022,9,2122514.76,105145.38,1483356.22,92589.67000000001,21180.0,311506.02,237619.0,37321.0,0.13574234378409836,274940.0,253396.0,23.0,10331.260869565218,29145.0,18.301932,66.68082030501564,76.00964613834958,0.30448614696548665,0.06965157768387129,1.024404426393936,22.923882977442293,4.964371104815864,4.761886206886146
2022,10,2444136.18,135455.41,1409378.41,101611.19,20983.0,320496.75,243165.0,42972.0,0.150179808972625,286137.0,280517.0,26.0,9352.5,23111.0,18.578678,69.42870468072049,80.63320789370219,0.3285750918356788,0.06785169184602649,1.0363745278870033,24.05380923105024,6.455483486632035,4.397481128903803
2022,11,2308797.1,125231.0,1127112.33,96337.86,17254.0,276423.84,195196.0,18076.0,0.08475561723995649,213272.0,214698.0,24.0,8133.166666666667,33541.0,18.598286,77.57970917009642,83.71046555388509,0.390327332839032,0.06990717668842403,1.1199727729090445,23.96562576748124,7.258085081720181,4.077478737000398
2022,12,2540976.25,153030.48,1310773.48,116371.0,20039.0,277884.81,196136.0,22302.0,0.10209762037740686,218438.0,203111.0,27.0,7264.2962962962965,21312.0,18.653721,89.54773255087566,98.73196754659705,0.4853847758081335,0.08358289885297185,1.1590607299270073,21.835132893934055,7.636632566495335,4.716967005141447
2023,1,2575837.49,178005.94,1265106.02,123605.99,19139.0,291846.24,239033.0,23229.0,0.08857173360990155,262262.0,241861.0,26.0,9193.576923076924,13160.0,18.779415,77.70193904201817,84.85891144810019,0.44878764223627743,0.06948972848937267,1.0596329995425202,20.839099221647754,9.30069178117979,4.334837481545077
2023,2,1618388.92,140852.4,933754.54,89278.2,14555.0,245356.02,190645.0,22772.0,0.106701902847477,213417.0,204832.0,22.0,8665.681818181818,10444.3,18.848094,63.8247651233793,71.0524870926218,0.3988103347921235,0.06501793744608828,1.0960180254470067,18.12748151284412,9.67725180350395,3.805712776071278
2023,3,1618831.19,180399.72,917636.95,112520.19,20387.0,327463.29,240798.0,23121.0,0.08760642469848703,263919.0,241326.0,27.0,8918.444444444445,38837.0,18.992986,47.24789988262748,51.154487731738755,0.3716530473384508,0.06733805440684908,1.0816079284968754,14.38702858571426,8.848762446657183,2.802258995199126
2023,4,1149717.73,171924.37,577633.07,100056.65,16746.0,318268.0,189513.6,,,263919.0,155086.1011,24.0,7896.400000000001,32968.0,19.335863,33.08515312594633,44.149951529038034,0.33701930364077914,0.05640529898580941,1.0720172995112618,11.490667836670527,10.266593216290458,1.8149266341573767
2023,5,1210737.91,201975.27,627377.18,105355.02,21797.0,408414.0,248030.2,13105.0,0.050184731893670405,261135.2,257280.1035,27.0,9186.303703703705,39130.0,19.735976,34.42593892079027,35.997019904704324,0.3508732280663893,0.07259249490117403,1.360177602998949,11.49198120791966,9.266195806762399,1.5361304460669811
2023,6,974070.41,159918.0,264089.98,84313.12,18411.0,262775.0,211913.728,30036.0,0.12414149107867564,241949.728,228349.2555,23.0,9213.640347826087,12738.0,23.541627,23.317770812451187,26.435363409481127,0.3310450827846719,0.07228852424330394,1.0317536775859102,11.553011085344725,8.686002933029167,1.0050042051184473
2023,7,1008102.07,162750.11,389992.27,86007.56,18035.0,304662.0,237057.69,48118.48,0.16873247158063734,285176.17,250762.64,26.0,9117.603461538461,10659.0,26.43329,19.959911003614526,23.837084473150245,0.2907279753113871,0.06096300179589871,1.0298369865895256,11.721086727724865,9.024125866370944,1.2800817627403485
2023,8,1120404.88,163059.87,634799.59,95332.09,21474.0,356960.35,276843.35,48303.41,0.14855879234349437,325146.76,310716.13,28.0,9887.262499999999,16740.0,26.916173,20.84552608060687,24.275250528322477,0.2788411285654934,0.0628102708627851,1.0440894230592608,11.752652018853253,7.593362671137189,1.778347623202409
2023,9,1053996.5,175493.01,600990.32,89635.56,20474.0,320304.07,284173.8,56793.21,0.1665651172528392,340967.01,281062.54,26.0,10929.761538461538,24866.0,26.984571,18.542425354248866,21.95002481895594,0.24501769263522719,0.05596542531796133,0.8755472066339776,11.758687065713652,8.571505812249683,1.8763118433056438
2023,10,1481792.81,144857.03,654526.38,103686.97,20832.0,299500.0,254283.2,44462.65,0.14883102141837282,298745.85000000003,266475.0,26.0,9780.123076923077,27124.6,27.86033,25.126245515588508,29.096211736047508,0.31818463441530215,0.06392724470721417,0.9190768908319241,14.291022391723859,6.953582469278034,2.1853969282136894
2023,11,1500586.4,178612.27,604359.31,106511.37,18759.0,266540.0,222595.3,54865.91,0.1977426322043359,277461.20999999996,264091.14,26.0,8561.357692307693,16965.0,28.646301,27.074910109765927,33.27581059845503,0.36175913143058835,0.0637137570055329,0.9052862515195235,14.088509048376713,9.521417452955914,2.2674244391085767
2023,12,1545894.48,199169.81,665739.56,109706.08,19869.0,263074.0,219619.15,42776.0,0.16302130584349594,262395.15,238882.43,27.0,8134.042592592592,28970.0,29.088107,28.445188259346722,33.33989654803034,0.3765243715660572,0.06819278146339738,0.9029013936635867,14.091237969673148,10.024148673813478,2.5306170887278867
2024,1,1666687.78,214565.58,619501.84,118063.66,17481.0,257095.0,173267.1,31761.3,0.1549117097923995,205028.4,221968.0,26.0,6664.119230769231,14050.0,30.065751,37.96641264889352,44.403959579020565,0.538910545265987,0.0797933525167246,1.173529658788817,14.116856787262059,12.274216577998969,2.4096222797020554
2024,2,1337593.2,191448.26,469487.45,94734.78,14336.0,234310.0,153327.6,40712.1,0.20981324955666286,194039.7,192559.63,22.0,6969.436363636364,14808.0,30.78419,31.0851528598451,38.61206477942251,0.4536070064453666,0.06864332238276984,1.121918029262472,14.119346664445729,13.354370814732144,2.003702146728693
2024,3,1624585.18,231886.29,557371.9,115013.19,17005.0,286377.0,191983.7,44648.5,0.18868311244200914,236632.2,200965.75,27.0,7110.507407407408,24740.0,32.02692,28.83596685959033,34.77663078481133,0.4400360482101769,0.0650604769749805,1.0956674045671269,14.125207552281612,13.636359306086446,1.9462872367543484
2024,4,1025993.23,161336.42,231666.54,72613.89,12699.0,208982.0,120619.05,28170.9,0.18933335215180863,148789.95,152088.0,24.0,5025.79375,26213.0,32.366499,25.051869133164622,29.858270052878456,0.414929519759524,0.0725644910557222,1.1941627269711739,14.129434878092882,12.704655484683835,1.1085478175153842
2024,5,1432752.83,204170.8,562287.37,101379.87,16026.0,305876.0,195432.18,31764.2,0.13980944590754482,227196.38,217307.0,27.0,7238.228888888889,35726.8,32.26418,25.924917966814874,29.487333233059353,0.38558741758714465,0.06095316510320619,1.1633664251284348,14.132517924909552,12.739972544615,1.8382853509265191
2024,6,1066515.66,160676.56,179077.01,74801.51,12689.0,220896.0,137445.5,27514.35,0.16679422295788943,164959.85,148630.42,23.0,5975.891304347826,10222.5,32.591018,24.63089541593498,29.220265335534556,0.4269922740504394,0.07243309614239106,1.2609489483386882,14.257942921205736,12.66266530065411,0.8106847113573808
2024,7,1376451.0,218807.0,582305.0,96922.51,18053.0,309747.0,199029.0,29045.0,0.12734901830107773,228074.0,213939.0,26.0,7654.961538461538,28090.3,32.911131,25.829102555870314,29.132240086389526,0.3783607239572415,0.07047430106380945,1.2091731751848327,14.20156163929308,12.12025702099374,1.8799374973768914
2024,8,1174153.25,222278.13,520347.25,82743.93,19003.0,295107.0,164127.5,29293.0,0.15144723542747537,193420.5,158940.0,27.0,6078.7962962962965,29742.7,33.678,25.503693823757768,29.35719840145633,0.37077766405930723,0.08515292843981445,1.3223820056353377,14.190204042761808,11.69700205230753,1.7632494315621114
2024,9,1198148.0,184531.0,469303.0,82122.0,17146.0,268663.0,150610.0,23337.0,0.13416155495639476,173947.0,159170.0,21.0,7171.9047619047615,20728.0,34.062282,27.928836128122754,31.73286820928397,0.42184153075638886,0.08807499678952099,1.3800590728136637,14.589854119480773,10.7623352385396,1.7468091996292754
2024,10,1428703.66,218311.49,662650.63,99131.68,16077.0,296966.0,204338.4,26311.0,0.11407356793470956,230649.4,207395.0,23.0,8884.278260869565,32317.0,34.2626,25.63471909803287,28.484749539714503,0.37697470095038754,0.061137088236367834,1.1292925636126896,14.412180445242127,13.579118616657336,2.231402349090468
2024,11,1289424.18,226541.0,782125.0,89545.86,17312.0,279079.0,199229.0,19079.0,0.08739487329827583,218308.0,214066.0,22.0,9055.863636363636,26658.0,34.46339,27.220948977338207,38.35614497196399,0.36554403468236407,0.07067103189830426,1.1392560600246564,14.399595693201226,13.085778650646951,2.802521866568248
2024,12,1505662.0,203886.0,806579.0,104524.0,15625.0,283243.0,228907.0,15839.0,0.06471607298995694,244746.0,234791.0,26.0,8804.115384615385,14038.0,34.9875,27.789595490943814,29.601361129179043,0.4039044144923952,0.060378539631507355,1.0945151168542104,14.404940492135777,13.048704,2.847657311919447
2025,1,1694903.0,345528.0,854296.0,117626.0,15834.0,310780.0,242210.0,22651.0,0.08552032953133908,264861.0,266273.0,26.0,9315.76923076923,19762.0,35.5237,28.629873312106845,31.105310612247827,0.41326948278951453,0.055631484454875396,1.0919005140132736,14.409254756601431,21.82190223569534,2.7488770191131993
2025,2,1403902.0,310888.0,677827.0,97417.0,14425.0,272516.0,206303.0,16635.0,0.07461715813365151,222938.0,208647.0,24.0,8595.958333333334,16423.0,36.169082,27.636453295932697,29.70056974653945,0.4069877716085745,0.06026462122066669,1.1385146285317993,14.411262921256043,21.55202772963605,2.487292489248338
2025,3,1471609.0,384039.0,616802.0,102045.0,15827.0,287590.0,224082.0,23820.0,0.09608635670547232,247902.0,255765.0,24.0,9336.75,20780.0,37.092994,24.808302908888898,27.221636849188872,0.37979842341504083,0.05890606739565732,1.0703731548819795,14.421176931745798,24.264800657104946,2.1447268681108524
2025,4,1814630.6,398685.0,660274.0,106474.0,16605.0,300332.0,233209.0,27200.0,0.10445107503964916,260409.0,226261.0,24.0,9717.041666666666,27396.0,38.131488,26.1844017379205,28.917333674266455,0.3699518771390351,0.05769531453588367,1.0435259985059329,17.04294569566279,24.009936766034325,2.1984803484144213
2025,5,1755721.0,412824.0,527549.0,100036.0,17737.0,293856.0,205356.0,29876.0,0.1270065297238471,235232.0,239165.0,24.0,8556.5,28105.0,38.826157,26.369308423973976,29.743788351990418,0.37987825485974247,0.067354758351466,1.1158933230043633,17.550891678995562,23.274736426678693,1.7952636665577697
2025,6,1310007.0,325108.0,275856.0,74920.0,13105.0,252310.0,142355.0,12382.0,0.08001964623845621,154737.0,175375.0,21.0,6778.809523809524,20314.0,39.477254,27.653019789993937,29.757905730398715,0.42798955732900695,0.07486389680721618,1.4413513775985285,17.48541110517886,24.807935902327355,1.0933217074234076
2025,7,1682031.0,408173.0,555213.0,89161.0,17922.0,297292.0,171935.0,17653.0,0.0931124332763677,189588.0,188201.0,26.0,6612.884615384615,18823.0,40.244021,31.54075868589794,34.45958260459155,0.42781331119758553,0.08599354160768866,1.4264698120540662,18.86509796884288,22.774969311460776,1.8675679130282685
2025,8,1421213.0,350555.0,599003.0,74991.0,13643.0,275976.0,158006.0,37994.0,0.1938469387755102,196000.0,183046.0,26.0,6077.153846153846,22802.0,40.85612,26.52046889342853,32.093334558315725,0.3427345271066992,0.06235317775888703,1.2613047412729317,18.95178088037231,25.6948618339075,2.170489462851842
2025,9,1797537.0,352737.0,737089.0,92944.0,15271.0,285211.0,170743.0,33429.0,0.16372960053288405,204172.0,206113.0,26.0,6567.038461538462,21450.0,41.347521,30.950699293268265,36.334094769038266,0.41194564359858526,0.06768400244656993,1.26410988290149,19.340000430366672,23.098487328924104,2.5843638569339893
2025,10,1797537.0,342886.0,781708.0,92944.0,14467.0,282590.0,245167.0,28710.0,0.10482807975843171,273877.0,254330.0,26.0,9429.5,28184.0,41.847826,23.11703467813527,25.545012134260407,0.30769943819294776,0.0478942994957972,0.9355395102313772,19.340000430366672,23.70125112324601,2.7662266888424925
